id	title	description	price	condition	link	availability	image_link	brand	gtin	identifier_exists
401	Tônico Facial em Disco Medicube Zero Pore Pad 2.0 70un	O Zero Pore Pad 2.0 da Medicube é um tônico facial em discos formulado clinicamente na Coreia do Sul com complexos patenteados de AHA e BHA para desobstruir os poros, regular o sebo e uniformizar a textura da pele.	279.00 BRL	new	https://portalfarmabrasil.com/?produto=401	in_stock	https://portalfarmabrasil.com/products/medicube_zero_pore_pad.webp	Medicube	8809628880628	yes
402	Ampola Facial Skin1004 Madagascar Centella Asiatica 55ml	A clássica ampola facial calmante da marca coreana Skin1004 contém extrato purificado de Centella Asiatica para reparar a barreira cutânea, hidratar e acalmar vermelhidões sem deixar sensação pegajosa.	162.99 BRL	new	https://portalfarmabrasil.com/?produto=402	in_stock	https://portalfarmabrasil.com/products/skin1004_centella_55ml.webp	Skin1004	8809576260020	yes
403	Creme Hidratante Facial Intensivo Curél Peles Secas e Sensíveis 40g	Desenvolvido pelos laboratórios da Kao Corporation no Japão, Curél Intensive Moisture Facial Cream repõe as ceramidas naturais da pele, protegendo contra agressões externas e ressecamento severo.	139.90 BRL	new	https://portalfarmabrasil.com/?produto=403	in_stock	https://portalfarmabrasil.com/products/curel_creme_facial.webp	Curél	4901301236210	yes
404	Kit Mise En Scène Perfect Serum Magic Straight Trio	Linha de tratamento capilar de alta performance Mise En Scène, do grupo coreano Amorepacific. O trio Magic Straight alinha a fibra capilar, controla o frizz rebelde e confere brilho radiante.	189.90 BRL	new	https://portalfarmabrasil.com/?produto=404	in_stock	https://portalfarmabrasil.com/products/mise_en_scene_perfect_serum.webp	Mise En Scène	8809803560124	yes
405	Protetor Solar Bioré UV Aqua Rich Watery Essence FPS 50+ 70g	O protetor solar japonês mais vendido do mundo. Bioré UV Aqua Rich Watery Essence oferece altíssima proteção contra raios UVA e UVB com sensação refrescante e toque seco invisível sob maquiagem.	79.90 BRL	new	https://portalfarmabrasil.com/?produto=405	in_stock	https://portalfarmabrasil.com/products/biore_uv_aqua_rich.jpg	Bioré	4901301413246	yes
406	Loção Hidratante Facial Hada Labo Gokujyun Premium Ácido Hialurônico 170ml	Hada Labo Gokujyun Premium Lotion é uma loção aquosa rica desenvolvida no Japão pela Rohto Pharmaceutical que proporciona hidratação duradoura e restaura o volume natural e a elasticidade da pele.	129.90 BRL	new	https://portalfarmabrasil.com/?produto=406	in_stock	https://portalfarmabrasil.com/products/hada_labo_gokujyun.jpg	Hada Labo	4987241167449	yes
407	Protetor Solar Facial Beauty of Joseon Relief Sun: Rice + Probiotics FPS 50+ 50ml	O protetor solar Relief Sun Rice + Probiotics da Beauty of Joseon é formulado com técnicas tradicionais da dinastia Joseon combinadas à mais avançada ciência cosmética sul-coreana para nutrir e proteger a pele do sol.	144.90 BRL	new	https://portalfarmabrasil.com/?produto=407	in_stock	https://portalfarmabrasil.com/products/beauty_of_joseon_relief_sun.jpg	Beauty of Joseon	8809738316275	yes
408	Essência Facial COSRX Advanced Snail 96 Mucin Power Essence 100ml	A essência best-seller mundial da COSRX formulada com 96% de mucina de caracol ajuda a renovar a barreira de hidratação, reparar cicatrizes superficiais e restaurar o viço da pele desidratada.	175.90 BRL	new	https://portalfarmabrasil.com/?produto=408	in_stock	https://portalfarmabrasil.com/products/cosrx_snail_mucin.jpg	COSRX	8809416470009	yes
409	Sérum Capilar Mise En Scène Perfect Serum Styling 30ml	Sérum estilizador de alta precisão que mantém penteados, cachos e escovas modelados por muito mais tempo enquanto nutre profundamente a fibra capilar.	69.90 BRL	new	https://portalfarmabrasil.com/?produto=409	in_stock	https://portalfarmabrasil.com/products/mise_en_scene_perfect_serum.webp	Mise En Scène	8809803560230	yes
1250294	Fralda Pampers Confort Sec Tamanho G 60 Unidades	A Fralda Pampers Confort Sec é a número 1 em vendas no Brasil e líder absoluta de preferência das famílias. Desenvolvida com canais de ar e gel mágico ultra-absorvente, mantém o bebê sequinho e protegido durante o dia e a noite inteira.	59.61 BRL	new	https://portalfarmabrasil.com/?produto=1250294	in_stock	https://portalfarmabrasil.com/products/pampers_confort_sec_g.webp	Pampers	7500435123456	yes
11015	Fórmula Infantil Ninho Fases 1+ Nestlé 1 a 3 anos 800g	Ninho Fases 1+ da Nestlé foi formulado para atender aos desafios nutricionais da fase pré-escolar, contribuindo para ossos fortes, imunidade e crescimento equilibrado.	42.99 BRL	new	https://portalfarmabrasil.com/?produto=11015	in_stock	https://portalfarmabrasil.com/products/ninho_fases_1.jpg	Nestlé		no
2047	Cereal Infantil Mucilon Milho Nestlé 600g	Mucilon Milho é um cereal infantil da Nestlé desenvolvido especialmente para complementar a alimentação de bebês e crianças a partir de 6 meses, auxiliando no crescimento saudável com ferro e vitaminas.	27.99 BRL	new	https://portalfarmabrasil.com/?produto=2047	in_stock	https://portalfarmabrasil.com/products/mucilon_milho.jpg	Mucilon		no
20470	Fórmula Infantil Danone Aptamil Profutura 1 com Prebióticos 800g	Aptamil Profutura 1 é uma fórmula infantil com nutrientes inspirados na nutrição materna, contendo estrutura lipídica exclusiva e prebióticos que apoiam o sistema imunológico infantil.	98.90 BRL	new	https://portalfarmabrasil.com/?produto=20470	in_stock	https://portalfarmabrasil.com/products/aptamil_profutura.jpg	Aptamil		no
2048	Cereal Infantil Mucilon Arroz e Aveia Nestlé 600g	O Cereal Infantil Mucilon Arroz e Aveia Nestlé é fonte de energia saudável e nutrientes essenciais que apoiam o desenvolvimento infantil e a saúde digestiva.	27.99 BRL	new	https://portalfarmabrasil.com/?produto=2048	in_stock	https://portalfarmabrasil.com/products/mucilon_arroz_aveia.jpg	Mucilon		no
20480	Fórmula Infantil Nestlé NAN Supreme 1 com HMOs 800g	NAN Supreme 1 da Nestlé traz a mais avançada tecnologia com HMOs e proteínas selecionadas que facilitam a digestão e reduzem o risco de desconfortos intestinais.	139.99 BRL	new	https://portalfarmabrasil.com/?produto=20480	in_stock	https://portalfarmabrasil.com/products/nan_supreme_1.jpg	NAN		no
2042	Pomada Preventiva de Assaduras Desitin Maximum Strength Roxa 113g	Desitin Maximum Strength Roxa é o tratamento número 1 recomendado nos EUA contra assaduras persistentes, criando uma barreira impermeável de longa duração.	64.90 BRL	new	https://portalfarmabrasil.com/?produto=2042	in_stock	https://portalfarmabrasil.com/products/desitin_roxa.jpg	Desitin		no
20490	Composto Lácteo Ninho Fases 1+ Prebio 1 Nestlé 800g	Ninho Fases 1+ ajuda a complementar a nutrição de crianças a partir de 1 ano, fornecendo nutrientes fundamentais para a fase de descobertas e crescimento.	44.90 BRL	new	https://portalfarmabrasil.com/?produto=20490	in_stock	https://portalfarmabrasil.com/products/ninho_fases_1.jpg	Ninho		no
2041	Pomada para Assaduras Hipoglós Amêndoas 40g	Hipoglós Amêndoas forma uma camada protetora nutritiva com óleo de amêndoas e vitaminas A e E, mantendo a pele do bebê hidratada e livre de assaduras.	22.90 BRL	new	https://portalfarmabrasil.com/?produto=2041	in_stock	https://portalfarmabrasil.com/products/hipoglos_amendoas.jpg	Hipoglós		no
2049	Cereal Infantil Mucilon Multicereais Nestlé 600g	Mucilon Multicereais combina grãos selecionados para oferecer textura aveludada e nutrição completa para a fase de introdução alimentar dos pequenos.	27.99 BRL	new	https://portalfarmabrasil.com/?produto=2049	in_stock	https://portalfarmabrasil.com/products/mucilon_multicereais_600g.webp	Mucilon		no
103	Desodorante Antitranspirante Aerosol Rexona Men Sem Perfume 72h 150ml	Proteção antitranspirante 72 horas sem fragrância, hipoalergênico e dermatologicamente testado para homens com pele sensível.	14.75 BRL	new	https://portalfarmabrasil.com/?produto=103	in_stock	https://portalfarmabrasil.com/products/rexona_men_sem_perfume_aerosol.jpg	Rexona		no
109	Protetor Solar Facial Needs Beauty FPS 70 40g	Protetor solar facial Needs Beauty com FPS 70, toque seco, textura leve e ação antioxidante com Vitamina E.	31.49 BRL	new	https://portalfarmabrasil.com/?produto=109	in_stock	https://portalfarmabrasil.com/products/needs_beauty_fps70.jpg	Needs		no
3999	Kit Lenço Umedecido Huggies Rosto e Corpo Hipoalergênico 48 unidades 4 pacotes	O Kit Lenço Umedecido Huggies Rosto e Corpo foi desenvolvido para proporcionar limpeza delicada e segura da cabeça aos pés. Com fórmula hipoalergênica e textura suave como algodão, limpa sem agredir a pele sensível do bebê e de toda a família.	39.90 BRL	new	https://portalfarmabrasil.com/?produto=3999	in_stock	https://portalfarmabrasil.com/products/huggies_rosto_corpo.jpg	Huggies	7896007548902	yes
115	Gel de Limpeza Facial Darrow Actine Pele Acneica 400g	Gel de limpeza facial Actine de alta performance dermatológica para controle prolongado da oleosidade e redução da acne.	48.59 BRL	new	https://portalfarmabrasil.com/?produto=115	in_stock	https://portalfarmabrasil.com/products/darrow_actine_400g_frasco.jpg	Darrow		no
116	Enxaguante Bucal Listerine Cool Mint 500ml Leve Mais Pague Menos	Enxaguante antisséptico Listerine Cool Mint que elimina até 99% das bactérias causadoras do mau hálito, placa e gengivite.	21.90 BRL	new	https://portalfarmabrasil.com/?produto=116	in_stock	https://portalfarmabrasil.com/products/listerine_cool_mint_500ml.jpg	Listerine		no
118	Shampoo Anticaspa Darrow Doctar Plus 120ml	Shampoo dermatológico anticaspa intensivo que elimina descamações severas e alivia o prurido no couro cabeludo desde o primeiro uso.	58.90 BRL	new	https://portalfarmabrasil.com/?produto=118	in_stock	https://portalfarmabrasil.com/products/darrow_doctar_plus_140ml.jpg	Darrow		no
1303	Bálsamo Reparador Cicaplast Baume B5+ La Roche-Posay 40ml	Bálsamo calmante e reparador para pele ressecada, tatuada, pós-procedimentos e áreas ásperas do corpo e rosto.	36.00 BRL	new	https://portalfarmabrasil.com/?produto=1303	in_stock	https://portalfarmabrasil.com/products/cicaplast_baume_b5.jpg	La Roche-Posay		no
1305	Loção Hidratante Corporal CeraVe 473ml	Hidrata e restaura a barreira protetora da pele de forma contínua com liberação prolongada de ceramidas e ácido hialurônico.	89.90 BRL	new	https://portalfarmabrasil.com/?produto=1305	in_stock	https://portalfarmabrasil.com/products/cerave_locao_473ml.jpg	CeraVe		no
1306	Creme Multirrestaurador Bepantol Derma 20g	Fórmula concentrada com pró-vitamina B5 que acelera a renovação celular e recupera a hidratação labial, cotovelos e áreas ressecadas.	34.90 BRL	new	https://portalfarmabrasil.com/?produto=1306	in_stock	https://portalfarmabrasil.com/products/bepantol_derma_20g.webp	Bepantol		no
1307	Sérum Facial Antirrugas Skinceuticals P-tiox 30ml	Sérum peptídico multi-alvo modulador que reduz visivelmente linhas de expressão, melhora a textura e a luminosidade da pele.	469.90 BRL	new	https://portalfarmabrasil.com/?produto=1307	in_stock	https://portalfarmabrasil.com/products/skinceuticals_ptiox.jpg	Skinceuticals		no
1308	Sérum Clareador Facial Eucerin Anti-Pigment Dual Sérum 30ml	Combina o ativo patenteado Thiamidol com ácido hialurônico para clarear e prevenir manchas escuras enquanto hidrata profundamente.	219.90 BRL	new	https://portalfarmabrasil.com/?produto=1308	in_stock	https://portalfarmabrasil.com/products/eucerin_dual_anti_pigment.jpg	Eucerin		no
912060	Di-Magnésio Malato 500mg bwell 60 Cápsulas	Suplemento mineral de Di-Magnésio Malato com alta biodisponibilidade para apoio muscular e energia no dia a dia.	64.90 BRL	new	https://portalfarmabrasil.com/?produto=912060	in_stock	https://portalfarmabrasil.com/products/dimagnesio_malato_bwell.webp	bwell	7891058021111	yes
1101	Fralda Pampers Confort Sec Tamanho P 50 Unidades	A Fralda Pampers Confort Sec possui canais de ar que permitem que o ar circule livremente dentro da fralda, mantendo o bumbum do bebê sequinho a noite toda com proteção antivazamento superior.	87.63 BRL	new	https://portalfarmabrasil.com/?produto=1101	in_stock	https://portalfarmabrasil.com/products/pampers_confort_sec_p.webp	Pampers		no
1250308	Fralda Pampers Confort Sec Tamanho M 70 Unidades	Fralda Pampers Confort Sec tamanho M para bebês de 6 a 10kg, garantindo noites sequinhas e confortáveis com canais de ar.	54.49 BRL	new	https://portalfarmabrasil.com/?produto=1250308	in_stock	https://portalfarmabrasil.com/products/pampers_confort_sec_m.webp	Pampers		no
1250309	Fralda Pampers Confort Sec Tamanho XG 92 Unidades	Fralda Pampers Confort Sec tamanho XG com 92 unidades no pacote econômico com alça. Máxima absorção e conforto para o bebê.	134.43 BRL	new	https://portalfarmabrasil.com/?produto=1250309	in_stock	https://portalfarmabrasil.com/products/pampers_confort_sec_xg.webp	Pampers		no
1250310	Fralda Pampers Confort Sec Tamanho XXG 88 Unidades	A Fralda Pampers Confort Sec tamanho XXG foi desenvolvida para bebês acima de 14kg, oferecendo até 12 horas de absorção avançada e proteção máxima contra vazamentos.	140.28 BRL	new	https://portalfarmabrasil.com/?produto=1250310	in_stock	https://portalfarmabrasil.com/products/pampers_confort_sec_xxg.jpg	Pampers	7500435123457	yes
1104	Fralda-Calça Pampers Pants Ajuste Total Tamanho P 50 Unidades	Fralda-calça Pampers Pants tamanho P fácil de vestir mesmo com o bebê em movimento, com proteção antivazamento de até 12 horas.	93.48 BRL	new	https://portalfarmabrasil.com/?produto=1104	in_stock	https://portalfarmabrasil.com/products/pampers_pants_p.webp	Pampers		no
501	Fralda-Calça Pampers Pants Ajuste Total Tamanho M 78 Unidades	Pampers Pants M proporciona facilidade máxima de troca e ajuste anatômico perfeito 360 graus.	140.28 BRL	new	https://portalfarmabrasil.com/?produto=501	in_stock	https://portalfarmabrasil.com/products/pampers_pants_m.webp	Pampers		no
2040	Fralda-Calça Pampers Pants Ajuste Total Tamanho G 72 Unidades	Pampers Pants proporciona a máxima facilidade de troca com cintura elástica 360° superconfortável.	146.13 BRL	new	https://portalfarmabrasil.com/?produto=2040	in_stock	https://portalfarmabrasil.com/products/pampers_pants_g.webp	Pampers		no
20404	Fralda-Calça Pampers Pants Ajuste Total Tamanho XG 64 Unidades	Pampers Pants tamanho XG combina a facilidade do shortinho com canais absorventes avançados para noites ininterruptas de sono.	151.98 BRL	new	https://portalfarmabrasil.com/?produto=20404	in_stock	https://portalfarmabrasil.com/products/pampers_pants_xg.webp	Pampers		no
20405	Fralda-Calça Pampers Pants Ajuste Total Tamanho XXG 74 Unidades	Fralda-calça Pampers Pants XXG com proteção máxima e cintura flexível que acompanha os passos do bebê com conforto absoluto.	157.83 BRL	new	https://portalfarmabrasil.com/?produto=20405	in_stock	https://portalfarmabrasil.com/products/pampers_pants_xxg.jpg	Pampers		no
20390	Fralda Huggies Natural Care Tamanho P 36 Unidades	Huggies Natural Care tamanho P especialmente formulada para a pele delicada dos bebês, oferecendo cuidado puro e natural com máxima suavidade.	69.90 BRL	new	https://portalfarmabrasil.com/?produto=20390	in_stock	https://portalfarmabrasil.com/products/huggies_natural_care_p.jpg	Huggies		no
20391	Fralda Huggies Natural Care Tamanho M 78 Unidades	Huggies Natural Care M com fibras naturais e 0% fragrância, testada dermatologicamente para o máximo cuidado com a pele delicada do bebê.	119.90 BRL	new	https://portalfarmabrasil.com/?produto=20391	in_stock	https://portalfarmabrasil.com/products/huggies_natural_care_m.jpg	Huggies		no
20392	Fralda Huggies Natural Care Tamanho G 66 Unidades	Huggies Natural Care G mantém a pele do bebê protegida e livre de assaduras com absorção inteligente e materiais naturais hipoalergênicos.	124.90 BRL	new	https://portalfarmabrasil.com/?produto=20392	in_stock	https://portalfarmabrasil.com/products/huggies_natural_care_g.jpg	Huggies		no
20393	Fralda Huggies Natural Care Tamanho XG 58 Unidades	Huggies Natural Care XG entrega a mais alta pureza e proteção suave para o bebê em fase ativa de desenvolvimento.	129.90 BRL	new	https://portalfarmabrasil.com/?produto=20393	in_stock	https://portalfarmabrasil.com/products/huggies_natural_care_xg.jpg	Huggies		no
20394	Fralda Huggies Natural Care Tamanho XXG 54 Unidades	Huggies Natural Care XXG proporciona máxima proteção para bebês grandinhos, preservando o equilíbrio natural da pele com suavidade extrema.	134.90 BRL	new	https://portalfarmabrasil.com/?produto=20394	in_stock	https://portalfarmabrasil.com/products/huggies_natural_care_xxg.jpg	Huggies		no
1096086	Fralda Huggies Máxima Proteção Tamanho M 104 Unidades	Huggies Roupinha Proteção Acolchoada M proporciona total liberdade para o bebê engatinhar e brincar sem risco de vazamento.	114.90 BRL	new	https://portalfarmabrasil.com/?produto=1096086	in_stock	https://portalfarmabrasil.com/products/huggies_pants_m.jpg	Huggies		no
1096087	Fralda Huggies Máxima Proteção Tamanho G 136 Unidades	Huggies Calça Roupinha G alia conveniência e conforto supremo, com ajuste flexível que se adapta perfeitamente aos movimentos do corpinho.	119.90 BRL	new	https://portalfarmabrasil.com/?produto=1096087	in_stock	https://portalfarmabrasil.com/products/huggies_pants_g.jpg	Huggies		no
1096088	Fralda Huggies Máxima Proteção Tamanho XG 82 Unidades	Fralda formato calça que veste como roupinha e possui cintura elástica 360 graus, facilitando a troca e garantindo total liberdade de movimento para o bebê ativo.	129.90 BRL	new	https://portalfarmabrasil.com/?produto=1096088	in_stock	https://portalfarmabrasil.com/products/huggies_pants_xg.jpg	Huggies		no
1096089	Fralda Huggies Máxima Proteção Tamanho XXG 80 Unidades	Huggies Proteção Acolchoada formato roupinha tamanho XXG, perfeita para crianças em fase de desfralde com alta segurança antivazamento.	134.90 BRL	new	https://portalfarmabrasil.com/?produto=1096089	in_stock	https://portalfarmabrasil.com/products/huggies_pants_xxg.jpg	Huggies		no
21108	Fralda Babysec Ultrasec Galinha Pintadinha Hiper M 68 Unidades	Babysec Ultrasec M garante noites sequinhas e dias com muito conforto e economia para o bolso da família.	64.90 BRL	new	https://portalfarmabrasil.com/?produto=21108	in_stock	https://portalfarmabrasil.com/products/babysec_ultrasec_m.jpg	Babysec		no
1109	Fralda Babysec Ultrasec Galinha Pintadinha Hiper G 60 Unidades	Babysec Ultrasec com tecnologia de rápida absorção e fitas reajustáveis, mantendo o bebê sequinho por até 12 horas com excelente custo-benefício.	69.90 BRL	new	https://portalfarmabrasil.com/?produto=1109	in_stock	https://portalfarmabrasil.com/products/babysec_ultrasec_g.jpg	Babysec		no
21112	Fralda Babysec Ultrasec Galinha Pintadinha Hiper XG 56 Unidades	Babysec Ultrasec XG com design divertido e proteção prolongada para bebês ativos e alegres.	74.90 BRL	new	https://portalfarmabrasil.com/?produto=21112	in_stock	https://portalfarmabrasil.com/products/babysec_ultrasec_xg.jpg	Babysec		no
21113	Fralda Babysec Ultrasec Galinha Pintadinha Hiper XXG 48 Unidades	Fralda Babysec Ultrasec XXG desenvolvida para garantir noites tranquilas de sono com excelente absorção e ótimo rendimento.	79.90 BRL	new	https://portalfarmabrasil.com/?produto=21113	in_stock	https://portalfarmabrasil.com/products/babysec_ultrasec_xxg.jpg	Babysec		no
21115	Fralda Pom Pom Protek Proteção de Mãe M 28 Unidades	Fralda Pom Pom Protek tamanho M oferece carinho e segurança para o seu bebê durante todo o dia e noite.	44.90 BRL	new	https://portalfarmabrasil.com/?produto=21115	in_stock	https://portalfarmabrasil.com/products/pompom_protek_m.jpg	Pom Pom		no
1110	Fralda Pom Pom Protek Proteção de Mãe G 24 Unidades	Pom Pom Protek Proteção de Mãe com camada superabsorvente, orelhas elásticas e loção hidratante com extrato de camomila para cuidar da pele do seu bebê.	49.90 BRL	new	https://portalfarmabrasil.com/?produto=1110	in_stock	https://portalfarmabrasil.com/products/pompom_protek_g.jpg	Pom Pom		no
21116	Fralda Pom Pom Protek Proteção de Mãe XG 20 Unidades	Pom Pom Protek XG garante bem-estar e proteção contínua com fórmula suave e absorção prolongada.	54.90 BRL	new	https://portalfarmabrasil.com/?produto=21116	in_stock	https://portalfarmabrasil.com/products/pompom_protek_xg.jpg	Pom Pom		no
21117	Fralda Pom Pom Protek Proteção de Mãe XXG 18 Unidades	Pom Pom Protek XXG cuida com carinho dos bebês grandinhos, oferecendo máxima absorção e toque suave.	59.90 BRL	new	https://portalfarmabrasil.com/?produto=21117	in_stock	https://portalfarmabrasil.com/products/pompom_protek_xxg.jpg	Pom Pom		no
21118	Fralda MamyPoko Fralda-Calça Dia e Noite P 22 Unidades	Fralda-calça MamyPoko P com exclusiva tecnologia japonesa, facilitando a troca e mantendo o corpinho sequinho e livre de assaduras.	48.59 BRL	new	https://portalfarmabrasil.com/?produto=21118	in_stock	https://portalfarmabrasil.com/products/mamypoko_calca_p.jpg	MamyPoko		no
21119	Fralda MamyPoko Fralda-Calça Dia e Noite M 18 Unidades	MamyPoko Fralda-Calça Dia e Noite M garante conforto sem igual e absorção de até 12 horas com toque ultrassuave.	64.72 BRL	new	https://portalfarmabrasil.com/?produto=21119	in_stock	https://portalfarmabrasil.com/products/mamypoko_calca_m.jpg	MamyPoko		no
1111	Fralda MamyPoko Fralda-Calça Dia e Noite G 30 Unidades	Fralda-calça com tecnologia japonesa exclusiva, canais de ar respiráveis e absorção rápida que não pesa nem empelota, proporcionando conforto inigualável.	94.90 BRL	new	https://portalfarmabrasil.com/?produto=1111	in_stock	https://portalfarmabrasil.com/products/mamypoko_calca_g.jpg	MamyPoko		no
21120	Fralda MamyPoko Fralda-Calça Dia e Noite XG 26 Unidades	MamyPoko Fralda-Calça XG para bebês cheios de energia, garantindo proteção dia e noite com a mais avançada tecnologia japonesa.	99.90 BRL	new	https://portalfarmabrasil.com/?produto=21120	in_stock	https://portalfarmabrasil.com/products/mamypoko_calca_xg.jpg	MamyPoko		no
21121	Fralda MamyPoko Fralda-Calça Dia e Noite XXG 22 Unidades	Fralda-calça MamyPoko XXG projetada para crianças maiores, unindo alta capacidade de retenção ao conforto insuperável do modelo veste-fácil.	104.90 BRL	new	https://portalfarmabrasil.com/?produto=21121	in_stock	https://portalfarmabrasil.com/products/mamypoko_calca_xxg.jpg	MamyPoko		no
1112	Composto Lácteo Ninho Fases 1+ Nestlé 800g	Ninho Fases 1+ formulado especialmente para crianças na fase pré-escolar com imunonutrientes essenciais (Zinco, Vitaminas A, C e D) e prebióticos.	44.90 BRL	new	https://portalfarmabrasil.com/?produto=1112	in_stock	https://portalfarmabrasil.com/products/ninho_fases_1.jpg	Ninho		no
1501	Enxaguante Bucal Listerine Cool Mint 500ml	Elimina até 99,9% dos germes que causam mau hálito, placa bacteriana e gengivite, garantindo proteção por até 24 horas.	22.90 BRL	new	https://portalfarmabrasil.com/?produto=1501	in_stock	https://portalfarmabrasil.com/products/listerine_cool_mint_500ml.jpg	Listerine		no
1502	Desodorante Antitranspirante Rexona Men Sem Perfume Roll-on 50ml	Proteção ativada pelo movimento sem fragrância e sem álcool etílico, não irrita a pele e previne odores por 72 horas.	13.90 BRL	new	https://portalfarmabrasil.com/?produto=1502	in_stock	https://portalfarmabrasil.com/products/rexona_men_sem_perfume_rollon.jpg	Rexona		no
11012	Creme Multirreparador Calmante La Roche-Posay Cicaplast Baume B5+ 40ml	Cicaplast Baume B5+ da La Roche-Posay é um creme multirreparador calmante com fórmula inovadora que acelera a reparação da barreira cutânea desde o 1º dia.	79.90 BRL	new	https://portalfarmabrasil.com/?produto=11012	in_stock	https://portalfarmabrasil.com/products/cicaplast_baume_b5.jpg	La Roche-Posay		no
1007146	Sensor de Monitoramento de Glicose FreeStyle Libre 2 Plus Sistema Flash	O sensor FreeStyle Libre 2 Plus mede continuamente a concentração de glicose no líquido intersticial de pessoas com diabetes mellitus. Fácil de aplicar e confortável de usar.	329.80 BRL	new	https://portalfarmabrasil.com/?produto=1007146	in_stock	https://portalfarmabrasil.com/products/freestyle_libre_2.jpg	Freestyle Libre		no
14951	Colírio Hyabak 0,15% 10ml	Graças ao dispositivo ABAK, Hyabak permite fornecer gotas de solução sem conservantes. Pode, assim, ser utilizado com qualquer tipo de lente de contato.	74.50 BRL	new	https://portalfarmabrasil.com/?produto=14951	in_stock	https://portalfarmabrasil.com/products/hyabak_10ml.jpg	Hyabak		no
11003	Novalgina Dipirona 1g 20 comprimidos	Novalgina 1g é um medicamento à base de dipirona monoidratada, utilizado no tratamento de dor e febre. Seus efeitos começam entre 30 e 60 minutos após a administração.	34.99 BRL	new	https://portalfarmabrasil.com/?produto=11003	in_stock	https://portalfarmabrasil.com/products/novalgina_1g_20comp.webp	Novalgina		no
11005	Buscopan Composto Butilbrometo de Escopolamina 10mg + Dipirona Sódica 250mg 20 comprimidos	Buscopan Composto é indicado para o tratamento dos sintomas de cólicas gastrointestinais, cólicas biliares e dores espasmódicas na região do abdômen.	23.90 BRL	new	https://portalfarmabrasil.com/?produto=11005	in_stock	https://portalfarmabrasil.com/products/buscopan_composto_20comp.webp	Buscopan		no
11006	Probiótico Enterogermina 10 frascos de 5ml	Enterogermina é um probiótico que contribui para o equilíbrio da microbiota intestinal. Apresenta esporos de Bacillus clausii que chegam intactos ao intestino.	51.99 BRL	new	https://portalfarmabrasil.com/?produto=11006	in_stock	https://portalfarmabrasil.com/products/enterogermina_10flac.jpg	Enterogermina		no
11013	Loção Hidratante Corporal CeraVe Pele Seca a Extra Seca Hidratação Prolongada 473ml	A Loção Hidratante CeraVe ajuda a restaurar a barreira protetora da pele do corpo e do rosto, proporcionando hidratação de longa duração para peles secas e ressecadas.	99.90 BRL	new	https://portalfarmabrasil.com/?produto=11013	in_stock	https://portalfarmabrasil.com/products/cerave_locao_473ml.jpg	CeraVe		no
11016	Sérum Facial Clareador Eucerin Dual Anti-Pigment 30ml	Eucerin Anti-Pigment Dual Sérum combina dois princípios ativos potentes em uma fórmula inovadora: o Thiamidol patenteado, que atua na causa raiz da hiperpigmentação, e o Ácido Hialurônico concentrado, que hidrata profundamente.	260.61 BRL	new	https://portalfarmabrasil.com/?produto=11016	in_stock	https://portalfarmabrasil.com/products/eucerin_dual_anti_pigment.jpg	Eucerin		no
1201	Dorflex Analgésico e Relaxante Muscular 36 Comprimidos	Dorflex é indicado no alívio da dor associada a contraturas musculares decorrentes de processos traumáticos ou inflamatórios e em cefaleias tensionais.	25.99 BRL	new	https://portalfarmabrasil.com/?produto=1201	in_stock	https://portalfarmabrasil.com/products/dorflex_36.jpg	Dorflex		no
1202	Neosaldina Analgésico para Enxaqueca e Dor de Cabeça 20 Drágeas	Neosaldina é um medicamento com atividade analgésica e antiespasmódica indicado para o tratamento de diversos tipos de dor de cabeça e cólicas.	26.50 BRL	new	https://portalfarmabrasil.com/?produto=1202	in_stock	https://portalfarmabrasil.com/products/neosaldina_20drageas.webp	Neosaldina		no
1203	Torsilax Relaxante Muscular e Anti-inflamatório 30 Comprimidos	Torsilax é indicado para o tratamento do reumatismo, lombalgias, torcicolos, crises agudas de gota e estados dolorosos musculares intensos.	24.90 BRL	new	https://portalfarmabrasil.com/?produto=1203	in_stock	https://portalfarmabrasil.com/products/torsilax_30comp_real.jpg	Torsilax		no
1204	Novalgina Dipirona Monoidratada 1g 20 Comprimidos	Novalgina 1g é um analgésico e antitérmico à base de dipirona monoidratada com ação rápida e potente contra febre e dores moderadas a intensas.	34.90 BRL	new	https://portalfarmabrasil.com/?produto=1204	in_stock	https://portalfarmabrasil.com/products/novalgina_1g_20comp.webp	Novalgina		no
1200	Dipirona Monoidratada 500mg 10 comprimidos Prati Donaduzzi Genérico	Dipirona Monoidratada 500mg com 10 comprimidos é um medicamento genérico indicado como analgésico e antitérmico para o alívio de dor e febre.	3.49 BRL	new	https://portalfarmabrasil.com/?produto=1200	in_stock	https://portalfarmabrasil.com/products/dipirona_prati_500mg.png	Prati Donaduzzi		no
1208	Buscopan Composto 20 Comprimidos Revestidos	Buscopan Composto é a combinação do consagrado antiespasmódico Butilbrometo de Escopolamina com o analgésico Dipirona, ideal para dores e cólicas na barriga.	23.90 BRL	new	https://portalfarmabrasil.com/?produto=1208	in_stock	https://portalfarmabrasil.com/products/buscopan_composto_20comp.webp	Buscopan		no
1209	Luftal Gel Caps 125mg para Gases 10 Cápsulas Gelatinosas	Luftal Gel Caps age diretamente no estômago e intestino rompendo as bolhas de gás, aliviando o estufamento, desconforto abdominal e cólicas por flatulência.	21.90 BRL	new	https://portalfarmabrasil.com/?produto=1209	in_stock	https://portalfarmabrasil.com/products/luftal_gelcaps.jpg	Luftal		no
1211	Omeprazol 20mg Genérico Teuto 28 Cápsulas	Inibidor da bomba de prótons indicado para gastrite, refluxo gastroesofágico, azia e queimação estomacal.	14.90 BRL	new	https://portalfarmabrasil.com/?produto=1211	in_stock	https://portalfarmabrasil.com/products/omeprazol_medley_20mg.jpg	Teuto Genérico		no
1212	Enterogermina Probiótico 2 Bilhões 10 Flaconetes 5ml	Probiótico à base de esporos de Bacillus clausii indicado como adjuvante no tratamento de diarreia e desequilíbrios da flora bacteriana intestinal.	49.90 BRL	new	https://portalfarmabrasil.com/?produto=1212	in_stock	https://portalfarmabrasil.com/products/enterogermina_10flac.jpg	Enterogermina		no
1213	Colírio Hyabak 0,15% Hidratante Ocular 10ml	Solução oftálmica lubrificante e hidratante com hialuronato de sódio a 0,15%, sem conservantes, ideal para olhos secos e usuários de lentes de contato.	59.90 BRL	new	https://portalfarmabrasil.com/?produto=1213	in_stock	https://portalfarmabrasil.com/products/hyabak_10ml.jpg	Hyabak		no
1215	Sensor FreeStyle Libre 2 Plus Monitor Contínuo de Glicose	Sensor de monitoramento de glicose contínuo que envia leituras a cada minuto diretamente para o smartphone sem necessidade de picada de dedo.	319.90 BRL	new	https://portalfarmabrasil.com/?produto=1215	in_stock	https://portalfarmabrasil.com/products/freestyle_libre_2.jpg	Abbott FreeStyle		no
603	Polivitamínico Vitergan Zinco 30 Comprimidos revestidos	Polivitamínico Vitergan Zinco 30 Comprimidos revestidos	110.00 BRL	new	https://portalfarmabrasil.com/?produto=603	in_stock	https://portalfarmabrasil.com/products/vitergan_zinco_30comp.jpg	Vitergan Zinco		no
2001	Tylenol 750mg Paracetamol 20 Comprimidos	Tylenol 750mg é um analgésico e antitérmico com fórmula à base de paracetamol indicado para o alívio de dores leves a moderadas e febre.	32.90 BRL	new	https://portalfarmabrasil.com/?produto=2001	in_stock	https://portalfarmabrasil.com/products/tylenol_750mg.jpg	Tylenol	7891030005474	yes
2003	Aspirina Prevent 100mg Ácido Acetilsalicílico Bayer 30 Comprimidos	Aspirina Prevent contém ácido acetilsalicílico em baixa dosagem com revestimento que resiste ao suco gástrico, atuando como antiagregante plaquetário.	29.90 BRL	new	https://portalfarmabrasil.com/?produto=2003	in_stock	https://portalfarmabrasil.com/products/aspirina_prevent.jpg	Aspirina	7891106905530	yes
2004	Losartana Potássica 50mg Medley Genérico 30 Comprimidos	Medicamento genérico indicado para o tratamento da hipertensão arterial, reduzindo os riscos de complicações cardiovasculares.	11.90 BRL	new	https://portalfarmabrasil.com/?produto=2004	in_stock	https://portalfarmabrasil.com/products/losartana_50mg.jpg	Medley Genérico	7896427514337	yes
2007	Allegra 120mg Antialérgico Sanofi 10 Comprimidos	Allegra 120mg é um anti-histamínico de segunda geração que combate os sintomas da rinite alérgica e urticária sem dar sono.	54.90 BRL	new	https://portalfarmabrasil.com/?produto=2007	in_stock	https://portalfarmabrasil.com/products/allegra_120mg.jpg	Allegra	7891058019620	yes
2010	Vick Vaporub Pomada Descongestionante 50g	Pomada descongestionante que libera vapores balsâmicos para acalmar a tosse, liberar a respiração e confortar o sono durante gripes e resfriados.	29.90 BRL	new	https://portalfarmabrasil.com/?produto=2010	in_stock	https://portalfarmabrasil.com/products/vick_vaporub_50g.jpg	Vick	7891721010306	yes
2016	Dorflex Relaxante Muscular e Analgésico Sanofi 36 Comprimidos	Dorflex é indicado para o alívio da dor associada a contraturas musculares decorrentes de estresse, má postura ou esforço físico excessivo.	36.90 BRL	new	https://portalfarmabrasil.com/?produto=2016	in_stock	https://portalfarmabrasil.com/products/dorflex_36.jpg	Dorflex	7891058017503	yes
2018	Benegrip Multi Alívio de Gripes e Resfriados 20 Comprimidos	Benegrip Multi é indicado para o alívio rápido dos principais sintomas de gripes e resfriados.	24.90 BRL	new	https://portalfarmabrasil.com/?produto=2018	in_stock	https://portalfarmabrasil.com/products/benegrip_20comp.jpg	Benegrip	7896094911206	yes
2019	Coristina D Descongestionante e Antigripal 16 Comprimidos	Coristina D proporciona alívio de sintomas decorrentes de gripes, resfriados e rinite alérgica.	27.90 BRL	new	https://portalfarmabrasil.com/?produto=2019	in_stock	https://portalfarmabrasil.com/products/coristina_d_16comp.jpg	Coristina	7896094911305	yes
2022	Floratil 200mg Probiótico Saccharomyces boulardii 4 Cápsulas	Floratil é indicado como auxiliar no tratamento de diarreias infecciosas e associadas a antibióticos, reconstituindo a flora normal.	49.90 BRL	new	https://portalfarmabrasil.com/?produto=2022	in_stock	https://portalfarmabrasil.com/products/floratil_200mg.jpg	Floratil	7891721021104	yes
2025	Protetor Solar Facial ISDIN Fotoprotetor Fusion Water Magic FPS 50 50ml	Protetor solar facial ultraleve de fase aquosa para uso diário. Absorção instantânea sem deixar resíduos oleosos e toque seco sedoso.	98.90 BRL	new	https://portalfarmabrasil.com/?produto=2025	in_stock	https://portalfarmabrasil.com/products/isdin_fusion_water_fps60.jpg	ISDIN	8429421868436	yes
2028	Gel de Limpeza Facial Darrow Actine Pele Acneica Refil Econômico 400g	Gel de limpeza facial Actine higieniza profundamente a pele oleosa e acneica sem ressecar, eliminando bactérias e controlando o brilho excessivo.	74.90 BRL	new	https://portalfarmabrasil.com/?produto=2028	in_stock	https://portalfarmabrasil.com/products/darrow_actine_400g_frasco.jpg	Darrow	7896403808597	yes
2031	Protetor Solar Facial Needs FPS 70 Toque Seco 40g	Protetor solar facial Needs FPS 70 desenvolvido para o clima brasileiro, oferecendo alta proteção com acabamento aveludado e sequinho.	42.90 BRL	new	https://portalfarmabrasil.com/?produto=2031	in_stock	https://portalfarmabrasil.com/products/needs_beauty_fps70.jpg	Needs	7891066009903	yes
2045	Pomada Bepantol Baby Creme Preventivo de Assaduras 120g	Bepantol Baby forma uma película protetora flexível e transparente contra o atrito e a umidade da fralda, regenerando a pele do bebê de dentro para fora.	35.01 BRL	new	https://portalfarmabrasil.com/?produto=2045	in_stock	https://portalfarmabrasil.com/products/bepantol_baby.jpg	Bepantol	7891106913108	yes
2050	Addera D3 7.000 UI Vitamina D Colecalciferol 4 Cápsulas	Addera D3 é o suplemento de vitamina D mais receitado pelos médicos no Brasil, essencial para a absorção eficiente de cálcio e fósforo no organismo.	44.90 BRL	new	https://portalfarmabrasil.com/?produto=2050	in_stock	https://portalfarmabrasil.com/products/addera_d3_real.jpg	Addera	7896094917307	yes
2061	Creme Dental Sensodyne Limpeza Profunda Ação Desensibilizante 90g	Sensodyne Limpeza Profunda atua no interior do dente aliviando os estímulos dolorosos causados por alimentos gelados, quentes ou ácidos.	21.90 BRL	new	https://portalfarmabrasil.com/?produto=2061	in_stock	https://portalfarmabrasil.com/products/sensodyne_repair_protect_100g.jpg	Sensodyne	7896015525413	yes
2062	Escova Dental Curaprox CS 5460 Ultra Soft Trio (3 Unidades)	A consagrada escova suíça Curaprox CS 5460 proporciona a mais suave e eficiente higiene bucal do mundo, sem desgastar o esmalte nem retrair a gengiva.	89.90 BRL	new	https://portalfarmabrasil.com/?produto=2062	in_stock	https://portalfarmabrasil.com/products/curaprox_cs5460_individual.jpg	Curaprox	7612412422008	yes
2064	Desodorante Antitranspirante Dove Original Aerossol 150ml (Kit Leve 2)	Dove Original aerossol oferece 48h de proteção antitranspirante com cuidado incomparável para as axilas, mantendo a pele seca e hidratada.	29.90 BRL	new	https://portalfarmabrasil.com/?produto=2064	in_stock	https://portalfarmabrasil.com/products/dove_original_90g.webp	Dove	7891150041239	yes
2066	Desodorante Antitranspirante Rexona Clinical Men Clean Roll-On 48g	Rexona Clinical combina 3x mais proteção contra a transpiração intensa com cuidado suave para a pele das axilas.	31.90 BRL	new	https://portalfarmabrasil.com/?produto=2066	in_stock	https://portalfarmabrasil.com/products/rexona_clinical_classic_feminino.webp	Rexona	7891150041246	yes
2073	Óleo Capilar Wella Professionals Oil Reflections Luminous Reflective 100ml	Oil Reflections é o óleo capilar icônico da Wella que nutre, protege e dá um brilho radiante com efeito espelhado para todos os tipos de cabelo.	139.90 BRL	new	https://portalfarmabrasil.com/?produto=2073	in_stock	https://portalfarmabrasil.com/products/wella_oil_reflections_100ml.jpg	Wella Professionals	8005610534298	yes
2078	Curativo Band-Aid Transparente Johnson's 40 Unidades	Curativos adesivos Band-Aid Transparentes protegem pequenos cortes, arranhões e bolhas contra germes e sujeira com máxima discrição.	18.90 BRL	new	https://portalfarmabrasil.com/?produto=2078	in_stock	https://portalfarmabrasil.com/products/curativo_bandaid.jpg	Band-Aid	7891030005696	yes
2083	Fita Microporosa Hipoalergênica Needs Branca 25mm x 4,5m	A fita microporosa Needs é ideal para peles sensíveis de crianças e idosos, garantindo adesão segura e respirável para curativos.	11.90 BRL	new	https://portalfarmabrasil.com/?produto=2083	in_stock	https://portalfarmabrasil.com/products/nexcare_micropore_branca.jpg	Needs	7891066009934	yes
1403	Multivitamínico Centrum de A a Zinco 60 Comprimidos	Suplemento vitamínico e mineral completo com nutrientes essenciais que auxiliam no metabolismo energético e funcionamento do sistema imune.	79.90 BRL	new	https://portalfarmabrasil.com/?produto=1403	in_stock	https://portalfarmabrasil.com/products/centrum_de_a_a_zinco_60comp.jpg	Centrum		no
1405	Di-Magnésio Malato 500mg bwell 60 Cápsulas	Magnésio de alta absorção e biodisponibilidade que auxilia no funcionamento muscular, neuromuscular e no metabolismo energético.	49.90 BRL	new	https://portalfarmabrasil.com/?produto=1405	in_stock	https://portalfarmabrasil.com/products/dimagnesio_malato_bwell.webp	bwell		no
140081	Polivitamínico Vitergan Zinco PL 30 Comprimidos	O Vitergan Zinco Pl é um suplemento vitamínico e mineral antioxidante, composto por vitaminas e minerais que atuam contra radicais livres.	119.90 BRL	new	https://portalfarmabrasil.com/?produto=140081	in_stock	https://portalfarmabrasil.com/products/vitergan_zinco_30comp.jpg	Vitergan Zinco	7896226109350	yes